Partition,folder,k,Seed,Algorithm,AUPRC train,AUPRC val,AUPRC test
Cluster aware,cluster_aware_k50,50,seed_7,KNN,1.0,1.0,0.7563703991184013
Cluster aware,cluster_aware_k50,50,seed_7,Logistic Regression,0.920809759943954,0.651395871132062,0.7297777626292988
Cluster aware,cluster_aware_k50,50,seed_7,Random Forest,1.0,0.9999999999999999,0.7419554257264237
Cluster aware,cluster_aware_k50,50,seed_7,SVM,0.9506590018328863,0.7367171494941149,0.7634156123199684
Cluster aware,cluster_aware_k50,50,seed_1,KNN,1.0,1.0,0.8196526455639834
Cluster aware,cluster_aware_k50,50,seed_1,Logistic Regression,0.8802846161286293,0.9349499892874106,0.812616317744964
Cluster aware,cluster_aware_k50,50,seed_1,Random Forest,1.0,1.0,0.8169468933006213
Cluster aware,cluster_aware_k50,50,seed_1,SVM,0.9285838099402629,0.9692087147554529,0.8260133107434483
Cluster aware,cluster_aware_k50,50,seed_5,KNN,1.0,1.0,0.8650862136054118
Cluster aware,cluster_aware_k50,50,seed_5,Logistic Regression,0.8778109677231566,0.8261730389145935,0.8660715570821111
Cluster aware,cluster_aware_k50,50,seed_5,Random Forest,0.9999999999999999,1.0,0.8883143918305163
Cluster aware,cluster_aware_k50,50,seed_5,SVM,0.9259613132194078,0.8854956411356087,0.8921002230538663
Cluster aware,cluster_aware_k50,50,seed_10,KNN,1.0,1.0,0.8541993072709081
Cluster aware,cluster_aware_k50,50,seed_10,Logistic Regression,0.8873586343133887,0.8725967192648793,0.8381458328478139
Cluster aware,cluster_aware_k50,50,seed_10,Random Forest,1.0,1.0,0.8675435124830193
Cluster aware,cluster_aware_k50,50,seed_10,SVM,0.933116716816634,0.9256679283992267,0.8698327217686934
Cluster aware,cluster_aware_k50,50,seed_3,KNN,1.0,1.0,0.8077740446819256
Cluster aware,cluster_aware_k50,50,seed_3,Logistic Regression,0.9036018651688487,0.6424606991215653,0.8156732476573001
Cluster aware,cluster_aware_k50,50,seed_3,Random Forest,1.0,1.0,0.8420980359131316
Cluster aware,cluster_aware_k50,50,seed_3,SVM,0.9390350385425618,0.7719538365533715,0.8498802942060499
Cluster aware,cluster_aware_k50,50,seed_4,KNN,1.0,1.0,0.7826736560044436
Cluster aware,cluster_aware_k50,50,seed_4,Logistic Regression,0.8908552329544146,0.9343160455008459,0.7815554753686125
Cluster aware,cluster_aware_k50,50,seed_4,Random Forest,1.0,1.0000000000000002,0.7952293071322785
Cluster aware,cluster_aware_k50,50,seed_4,SVM,0.926301676409646,0.9747207796735209,0.8192591174651522
Cluster aware,cluster_aware_k50,50,seed_6,KNN,1.0,1.0,0.7756004850503911
Cluster aware,cluster_aware_k50,50,seed_6,Logistic Regression,0.8912010686789084,0.9387167225985732,0.7144668919684516
Cluster aware,cluster_aware_k50,50,seed_6,Random Forest,1.0,1.0,0.7958137386961683
Cluster aware,cluster_aware_k50,50,seed_6,SVM,0.9328518828626795,0.9600204312062032,0.7884861849148989
Cluster aware,cluster_aware_k50,50,seed_9,KNN,1.0,1.0,0.9007608604347752
Cluster aware,cluster_aware_k50,50,seed_9,Logistic Regression,0.8512215801915738,0.8929206145806111,0.898238627744219
Cluster aware,cluster_aware_k50,50,seed_9,Random Forest,1.0,1.0,0.9120329159835173
Cluster aware,cluster_aware_k50,50,seed_9,SVM,0.9112833361226145,0.9357810038668661,0.914329633239899
Cluster aware,cluster_aware_k50,50,seed_8,KNN,1.0,1.0,0.8660024318373696
Cluster aware,cluster_aware_k50,50,seed_8,Logistic Regression,0.8809118468262985,0.8593202602658783,0.8630296869980806
Cluster aware,cluster_aware_k50,50,seed_8,Random Forest,1.0,0.9999999999999999,0.8819695954732553
Cluster aware,cluster_aware_k50,50,seed_8,SVM,0.9287228909504693,0.8918944572115362,0.877496667029658
Cluster aware,cluster_aware_k50,50,seed_2,KNN,1.0,1.0,0.7424306389293391
Cluster aware,cluster_aware_k50,50,seed_2,Logistic Regression,0.8976421745285653,0.9143396942438343,0.7502448436759795
Cluster aware,cluster_aware_k50,50,seed_2,Random Forest,0.9999999999999999,1.0,0.7550264067445212
Cluster aware,cluster_aware_k50,50,seed_2,SVM,0.93753018458558,0.937933077200235,0.7707376533592408
Cluster aware,cluster_aware_k200,200,seed_7,KNN,1.0,1.0,0.711463939942287
Cluster aware,cluster_aware_k200,200,seed_7,Logistic Regression,0.9038513158045056,0.8953978581070693,0.6990107739315815
Cluster aware,cluster_aware_k200,200,seed_7,Random Forest,1.0,1.0,0.732149971206328
Cluster aware,cluster_aware_k200,200,seed_7,SVM,0.9368593785001218,0.9290913769675874,0.741886748800434
Cluster aware,cluster_aware_k200,200,seed_1,KNN,1.0,1.0,0.8672983809589335
Cluster aware,cluster_aware_k200,200,seed_1,Logistic Regression,0.8749104284509648,0.9032467632047267,0.8506068642305903
Cluster aware,cluster_aware_k200,200,seed_1,Random Forest,1.0,1.0,0.8813393920101044
Cluster aware,cluster_aware_k200,200,seed_1,SVM,0.9258261951897647,0.9329418360529015,0.8786721230966762
Cluster aware,cluster_aware_k200,200,seed_5,KNN,1.0,1.0,0.8606521519674923
Cluster aware,cluster_aware_k200,200,seed_5,Logistic Regression,0.8852233063969566,0.8284578916818501,0.8498166264881599
Cluster aware,cluster_aware_k200,200,seed_5,Random Forest,0.9999999999999999,1.0,0.875584310165097
Cluster aware,cluster_aware_k200,200,seed_5,SVM,0.930661588434277,0.8788762598874383,0.871105127882672
Cluster aware,cluster_aware_k200,200,seed_10,KNN,1.0,1.0,0.8432844183386885
Cluster aware,cluster_aware_k200,200,seed_10,Logistic Regression,0.8689195149957657,0.9520982854746486,0.8506193305994211
Cluster aware,cluster_aware_k200,200,seed_10,Random Forest,0.9999999999999999,0.9999999999999999,0.8592193794962939
Cluster aware,cluster_aware_k200,200,seed_10,SVM,0.9180388485027825,0.9797004605490778,0.8606161124356418
Cluster aware,cluster_aware_k200,200,seed_3,KNN,1.0,1.0,0.8587595320115202
Cluster aware,cluster_aware_k200,200,seed_3,Logistic Regression,0.8929972647813118,0.7276542497916009,0.8623547208037607
Cluster aware,cluster_aware_k200,200,seed_3,Random Forest,1.0,1.0,0.8609137415177225
Cluster aware,cluster_aware_k200,200,seed_3,SVM,0.932890458237281,0.8471463862554299,0.8804578672912479
Cluster aware,cluster_aware_k200,200,seed_4,KNN,1.0,1.0,0.7462249040884412
Cluster aware,cluster_aware_k200,200,seed_4,Logistic Regression,0.8976409789027238,0.8812532529464346,0.7522094663151457
Cluster aware,cluster_aware_k200,200,seed_4,Random Forest,1.0,1.0,0.76250430035361
Cluster aware,cluster_aware_k200,200,seed_4,SVM,0.9301266347017703,0.9398019729633256,0.7873799147014083
Cluster aware,cluster_aware_k200,200,seed_6,KNN,1.0,1.0,0.8794301953189643
Cluster aware,cluster_aware_k200,200,seed_6,Logistic Regression,0.8785603675619317,0.8557454331378933,0.8773897148647349
Cluster aware,cluster_aware_k200,200,seed_6,Random Forest,1.0,0.9999999999999999,0.900789313484056
Cluster aware,cluster_aware_k200,200,seed_6,SVM,0.9197230260810652,0.9014322436412265,0.9126905663343962
Cluster aware,cluster_aware_k200,200,seed_9,KNN,1.0,1.0,0.8156434781550204
Cluster aware,cluster_aware_k200,200,seed_9,Logistic Regression,0.8860671296530895,0.9391906273125984,0.808701246072701
Cluster aware,cluster_aware_k200,200,seed_9,Random Forest,1.0,1.0,0.8204405867657968
Cluster aware,cluster_aware_k200,200,seed_9,SVM,0.9283141125758488,0.9650086388112606,0.8248158087293994
Cluster aware,cluster_aware_k200,200,seed_8,KNN,1.0,0.9999999999999999,0.8193650524118999
Cluster aware,cluster_aware_k200,200,seed_8,Logistic Regression,0.9011128662257996,0.8428199707691485,0.8085957262209889
Cluster aware,cluster_aware_k200,200,seed_8,Random Forest,1.0,1.0,0.8294799429693968
Cluster aware,cluster_aware_k200,200,seed_8,SVM,0.9400171401439541,0.9115548428109878,0.8160882209982506
Cluster aware,cluster_aware_k200,200,seed_2,KNN,1.0,1.0,0.8533989943091358
Cluster aware,cluster_aware_k200,200,seed_2,Logistic Regression,0.8968890618309959,0.7704846703177367,0.846557264534474
Cluster aware,cluster_aware_k200,200,seed_2,Random Forest,1.0,1.0,0.8635540922888079
Cluster aware,cluster_aware_k200,200,seed_2,SVM,0.9345189233326544,0.8349424162841041,0.8801463783028571
Cluster aware,cluster_aware_k400,400,seed_7,KNN,1.0,1.0,0.8463207984725509
Cluster aware,cluster_aware_k400,400,seed_7,Logistic Regression,0.8917091221509051,0.8578154397316566,0.8499941107068855
Cluster aware,cluster_aware_k400,400,seed_7,Random Forest,1.0,0.9999999999999999,0.8533022995612447
Cluster aware,cluster_aware_k400,400,seed_7,SVM,0.9352083978340041,0.8950598181933006,0.8676826690942441
Cluster aware,cluster_aware_k400,400,seed_1,KNN,1.0,1.0,0.8517862568575594
Cluster aware,cluster_aware_k400,400,seed_1,Logistic Regression,0.8957915105761183,0.8066524015131278,0.8005979296019919
Cluster aware,cluster_aware_k400,400,seed_1,Random Forest,0.9999999999999999,1.0,0.8492322499808238
Cluster aware,cluster_aware_k400,400,seed_1,SVM,0.9319076433749691,0.8787478783603515,0.8598155707972907
Cluster aware,cluster_aware_k400,400,seed_5,KNN,1.0,1.0,0.807294775144628
Cluster aware,cluster_aware_k400,400,seed_5,Logistic Regression,0.8892293995349493,0.9294616666068293,0.8026550287874115
Cluster aware,cluster_aware_k400,400,seed_5,Random Forest,1.0,1.0,0.7997944021708698
Cluster aware,cluster_aware_k400,400,seed_5,SVM,0.9331298291950114,0.9508241836260801,0.8187544437140688
Cluster aware,cluster_aware_k400,400,seed_10,KNN,1.0,1.0,0.831348665382313
Cluster aware,cluster_aware_k400,400,seed_10,Logistic Regression,0.8836315836807187,0.9303108780304983,0.8233700557498639
Cluster aware,cluster_aware_k400,400,seed_10,Random Forest,1.0,1.0,0.837109356969316
Cluster aware,cluster_aware_k400,400,seed_10,SVM,0.9244324674644298,0.9580031045137148,0.8552690344112521
Cluster aware,cluster_aware_k400,400,seed_3,KNN,1.0,1.0,0.8442975359490924
Cluster aware,cluster_aware_k400,400,seed_3,Logistic Regression,0.8910205573274783,0.8443510797696201,0.8469614204677129
Cluster aware,cluster_aware_k400,400,seed_3,Random Forest,1.0,0.9999999999999999,0.859938347147449
Cluster aware,cluster_aware_k400,400,seed_3,SVM,0.9316917360924831,0.9329547609798637,0.8655830750982192
Cluster aware,cluster_aware_k400,400,seed_4,KNN,1.0,1.0,0.8112370535011082
Cluster aware,cluster_aware_k400,400,seed_4,Logistic Regression,0.9005138675094401,0.8815013713257289,0.7396028644946456
Cluster aware,cluster_aware_k400,400,seed_4,Random Forest,1.0,0.9999999999999999,0.8079194116353421
Cluster aware,cluster_aware_k400,400,seed_4,SVM,0.9351890264373854,0.9212314880010057,0.8123375085560018
Cluster aware,cluster_aware_k400,400,seed_6,KNN,1.0,1.0,0.8288517418594811
Cluster aware,cluster_aware_k400,400,seed_6,Logistic Regression,0.8897091490590268,0.8860586491505236,0.8361290148924715
Cluster aware,cluster_aware_k400,400,seed_6,Random Forest,0.9999999999999999,1.0,0.8374249236526443
Cluster aware,cluster_aware_k400,400,seed_6,SVM,0.9331960889480654,0.9242821558298422,0.852854966438777
Cluster aware,cluster_aware_k400,400,seed_9,KNN,1.0,1.0,0.8201217179045779
Cluster aware,cluster_aware_k400,400,seed_9,Logistic Regression,0.8884936851608417,0.9278394396671241,0.7862082894263427
Cluster aware,cluster_aware_k400,400,seed_9,Random Forest,1.0,1.0,0.8251785673319717
Cluster aware,cluster_aware_k400,400,seed_9,SVM,0.9306745536059841,0.9439664191854606,0.8305994254326925
Cluster aware,cluster_aware_k400,400,seed_8,KNN,1.0,1.0,0.8026536296807586
Cluster aware,cluster_aware_k400,400,seed_8,Logistic Regression,0.8897056971623003,0.9415680859941585,0.768233333786005
Cluster aware,cluster_aware_k400,400,seed_8,Random Forest,0.9999999999999999,0.9999999999999998,0.8025196648401364
Cluster aware,cluster_aware_k400,400,seed_8,SVM,0.9307522648882194,0.9460404083736267,0.8142350052757273
Cluster aware,cluster_aware_k400,400,seed_2,KNN,1.0,1.0,0.7871153019742052
Cluster aware,cluster_aware_k400,400,seed_2,Logistic Regression,0.8974801790634126,0.8899652021329396,0.7809548602068688
Cluster aware,cluster_aware_k400,400,seed_2,Random Forest,1.0,1.0,0.8104017530455161
Cluster aware,cluster_aware_k400,400,seed_2,SVM,0.9330973116974256,0.9406559973393956,0.81217743507798
Random,random,,seed_7,KNN,1.0,1.0,0.876147968558627
Random,random,,seed_7,Logistic Regression,0.8853199834640786,0.8990364675558102,0.8523859961992689
Random,random,,seed_7,Random Forest,1.0,0.9999999999999998,0.8905688678412005
Random,random,,seed_7,SVM,0.9295197715638461,0.9366708702209086,0.8831441024071129
Random,random,,seed_101,KNN,1.0,1.0,0.9073833963781196
Random,random,,seed_101,Logistic Regression,0.8826675028617885,0.8875532667817521,0.8771774142720046
Random,random,,seed_101,Random Forest,1.0,1.0,0.9130420915198465
Random,random,,seed_101,SVM,0.9261265526380434,0.9369735598125378,0.9131882561499418
Random,random,,seed_2024,KNN,1.0,1.0,0.8836631182744887
Random,random,,seed_2024,Logistic Regression,0.8886024680375888,0.8676458837992791,0.849418782288246
Random,random,,seed_2024,Random Forest,0.9999999999999999,1.0,0.884451185657561
Random,random,,seed_2024,SVM,0.9309400323061197,0.9343899404448516,0.8840856455352812
Random,random,,seed_1,KNN,1.0,1.0,0.8960740831370988
Random,random,,seed_1,Logistic Regression,0.8858169690692816,0.8851651373939331,0.8565645135958065
Random,random,,seed_1,Random Forest,1.0,1.0,0.9029267196281835
Random,random,,seed_1,SVM,0.9303458692877901,0.9281963864610776,0.8941470807781936
Random,random,,seed_13,KNN,1.0,1.0,0.8718603987453128
Random,random,,seed_13,Logistic Regression,0.8858006825674285,0.8932727272199744,0.8515203195849992
Random,random,,seed_13,Random Forest,0.9999999999999999,0.9999999999999999,0.8842779077838315
Random,random,,seed_13,SVM,0.9304123038469034,0.9324859356152421,0.8723310002704998
Random,random,,seed_42,KNN,1.0,1.0,0.8883565790401187
Random,random,,seed_42,Logistic Regression,0.8868912975218256,0.8724309855035185,0.8586731161263799
Random,random,,seed_42,Random Forest,0.9999999999999999,1.0,0.8902175430089411
Random,random,,seed_42,SVM,0.9299939747044589,0.9286461125078652,0.8876536263386613
Random,random,,seed_1337,KNN,1.0,1.0,0.8946462111191538
Random,random,,seed_1337,Logistic Regression,0.886835430780973,0.8862521205863552,0.8485448326265891
Random,random,,seed_1337,Random Forest,1.0,1.0,0.8842416696636833
Random,random,,seed_1337,SVM,0.9296637512599788,0.9402319393031071,0.8814140557924623
Random,random,,seed_77,KNN,1.0,1.0,0.8842449026793238
Random,random,,seed_77,Logistic Regression,0.8829624542930509,0.8960298441730672,0.8684856621006974
Random,random,,seed_77,Random Forest,1.0,1.0,0.9028378619208732
Random,random,,seed_77,SVM,0.928948442189141,0.9429842784340142,0.8954409384817749
Random,random,,seed_21,KNN,1.0,1.0,0.8794970178960153
Random,random,,seed_21,Logistic Regression,0.8869505237184199,0.8782609678220117,0.8536236454954623
Random,random,,seed_21,Random Forest,1.0,1.0,0.8816428252780282
Random,random,,seed_21,SVM,0.9318061159283334,0.920363312527711,0.8745999145438731
Random,random,,seed_9001,KNN,1.0,1.0,0.9009327865218554
Random,random,,seed_9001,Logistic Regression,0.8856141737530184,0.8622144155646334,0.8757728525142381
Random,random,,seed_9001,Random Forest,1.0,0.9999999999999999,0.907661346426681
Random,random,,seed_9001,SVM,0.9305785417005299,0.9218831707991837,0.9012433932521395
Cluster aware,cluster_aware_k100,100,seed_7,KNN,1.0,1.0,0.883843489369052
Cluster aware,cluster_aware_k100,100,seed_7,Logistic Regression,0.8670782071621523,0.9036516736769546,0.8940409082066809
Cluster aware,cluster_aware_k100,100,seed_7,Random Forest,1.0,1.0,0.9031160622000631
Cluster aware,cluster_aware_k100,100,seed_7,SVM,0.9160312197390666,0.9527431276143066,0.9035030825741155
Cluster aware,cluster_aware_k100,100,seed_1,KNN,1.0,1.0,0.8616971633735628
Cluster aware,cluster_aware_k100,100,seed_1,Logistic Regression,0.8726418483950898,0.9363292304319869,0.8502928075607182
Cluster aware,cluster_aware_k100,100,seed_1,Random Forest,1.0,1.0,0.8663397690551174
Cluster aware,cluster_aware_k100,100,seed_1,SVM,0.9181278309339744,0.9734399917647385,0.8643119065883502
Cluster aware,cluster_aware_k100,100,seed_5,KNN,1.0,1.0,0.8195509941849981
Cluster aware,cluster_aware_k100,100,seed_5,Logistic Regression,0.8815178233090202,0.9142425008564186,0.8309949901156496
Cluster aware,cluster_aware_k100,100,seed_5,Random Forest,1.0,1.0,0.8531411850782711
Cluster aware,cluster_aware_k100,100,seed_5,SVM,0.9275126333097966,0.9325923574645896,0.864936379803121
Cluster aware,cluster_aware_k100,100,seed_10,KNN,1.0,1.0,0.8735760552855617
Cluster aware,cluster_aware_k100,100,seed_10,Logistic Regression,0.8849680861606802,0.8225567661786714,0.852134366986887
Cluster aware,cluster_aware_k100,100,seed_10,Random Forest,1.0,0.9999999999999999,0.8792371426988083
Cluster aware,cluster_aware_k100,100,seed_10,SVM,0.9306639003014001,0.8969673079021137,0.8828946428673807
Cluster aware,cluster_aware_k100,100,seed_3,KNN,1.0,1.0,0.8511202683584878
Cluster aware,cluster_aware_k100,100,seed_3,Logistic Regression,0.8814586834795003,0.891901673937791,0.8534470784246732
Cluster aware,cluster_aware_k100,100,seed_3,Random Forest,1.0,1.0,0.8521997857655834
Cluster aware,cluster_aware_k100,100,seed_3,SVM,0.9298703465337168,0.9435795561564245,0.863748089587998
Cluster aware,cluster_aware_k100,100,seed_4,KNN,1.0,1.0,0.8968517175035293
Cluster aware,cluster_aware_k100,100,seed_4,Logistic Regression,0.8747632905136747,0.8798420568488634,0.8826613718165662
Cluster aware,cluster_aware_k100,100,seed_4,Random Forest,1.0,1.0,0.9097336251818926
Cluster aware,cluster_aware_k100,100,seed_4,SVM,0.9222890047299761,0.939936484847661,0.9101565121775013
Cluster aware,cluster_aware_k100,100,seed_6,KNN,1.0,1.0,0.8770792505672547
Cluster aware,cluster_aware_k100,100,seed_6,Logistic Regression,0.8804273660577692,0.8795329505329126,0.84045323442218
Cluster aware,cluster_aware_k100,100,seed_6,Random Forest,1.0,0.9999999999999999,0.8936145837714904
Cluster aware,cluster_aware_k100,100,seed_6,SVM,0.928083147536164,0.9267662901572115,0.8898425584014498
Cluster aware,cluster_aware_k100,100,seed_9,KNN,1.0,1.0,0.8154112034980192
Cluster aware,cluster_aware_k100,100,seed_9,Logistic Regression,0.8809015678875229,0.8975161605182284,0.8219123700021179
Cluster aware,cluster_aware_k100,100,seed_9,Random Forest,1.0,1.0,0.8510490243840447
Cluster aware,cluster_aware_k100,100,seed_9,SVM,0.9222239075383312,0.968366767168597,0.8501215690823575
Cluster aware,cluster_aware_k100,100,seed_8,KNN,1.0,1.0,0.7925764001702338
Cluster aware,cluster_aware_k100,100,seed_8,Logistic Regression,0.9031409804250025,0.8532534154323751,0.7575926971241872
Cluster aware,cluster_aware_k100,100,seed_8,Random Forest,1.0,1.0,0.7961567065045194
Cluster aware,cluster_aware_k100,100,seed_8,SVM,0.9333110535076149,0.9055298743301349,0.8099872120022398
Cluster aware,cluster_aware_k100,100,seed_2,KNN,1.0,1.0,0.7831405072341462
Cluster aware,cluster_aware_k100,100,seed_2,Logistic Regression,0.8953476644364592,0.9122173830244964,0.76857779219138
Cluster aware,cluster_aware_k100,100,seed_2,Random Forest,1.0,1.0,0.7966173487320957
Cluster aware,cluster_aware_k100,100,seed_2,SVM,0.9375901780036692,0.9318633971936585,0.8071767026268446
Stratified,stratified,,seed_7,KNN,1.0,1.0,0.8919667414192117
Stratified,stratified,,seed_7,Logistic Regression,0.8823388738651112,0.9021973379951167,0.8640797923175643
Stratified,stratified,,seed_7,Random Forest,1.0,1.0,0.8951516518511777
Stratified,stratified,,seed_7,SVM,0.9309798538242817,0.9306417040408493,0.8799325755583435
Stratified,stratified,,seed_101,KNN,1.0,1.0,0.9011824362566638
Stratified,stratified,,seed_101,Logistic Regression,0.886274222647876,0.8778761040945364,0.8639928487311648
Stratified,stratified,,seed_101,Random Forest,1.0,1.0,0.9079770727431915
Stratified,stratified,,seed_101,SVM,0.9283436887817186,0.9288531410946023,0.9097180062953323
Stratified,stratified,,seed_2024,KNN,1.0,1.0,0.8899933533056521
Stratified,stratified,,seed_2024,Logistic Regression,0.8861553059996221,0.9015150782267172,0.839982710018856
Stratified,stratified,,seed_2024,Random Forest,0.9999999999999999,1.0,0.8988158538998611
Stratified,stratified,,seed_2024,SVM,0.928903580519591,0.941511963361729,0.88677398415996
Stratified,stratified,,seed_1,KNN,1.0,1.0,0.9036875172411113
Stratified,stratified,,seed_1,Logistic Regression,0.884289963166742,0.8835326072353623,0.8715707732123938
Stratified,stratified,,seed_1,Random Forest,1.0,1.0,0.8969360502053805
Stratified,stratified,,seed_1,SVM,0.92874181093551,0.9367065915483402,0.8952615725314891
Stratified,stratified,,seed_13,KNN,1.0,1.0,0.8911408295903256
Stratified,stratified,,seed_13,Logistic Regression,0.8872780925481089,0.8670240164331984,0.8627933156141554
Stratified,stratified,,seed_13,Random Forest,1.0,1.0,0.8854716387854079
Stratified,stratified,,seed_13,SVM,0.9327129323365042,0.9052315948853034,0.8941728882363845
Stratified,stratified,,seed_42,KNN,1.0,1.0,0.9043354816233429
Stratified,stratified,,seed_42,Logistic Regression,0.8836445374670475,0.8838504965496112,0.871083244881556
Stratified,stratified,,seed_42,Random Forest,1.0,0.9999999999999999,0.9124170383562076
Stratified,stratified,,seed_42,SVM,0.9275652916186554,0.9347103382615318,0.9060207910541456
Stratified,stratified,,seed_1337,KNN,1.0,1.0,0.8988359333413044
Stratified,stratified,,seed_1337,Logistic Regression,0.8853065296588765,0.8880219546817036,0.8527268666214599
Stratified,stratified,,seed_1337,Random Forest,1.0,1.0,0.9092854328005138
Stratified,stratified,,seed_1337,SVM,0.9278833308181107,0.9305916662708787,0.9128191277062898
Stratified,stratified,,seed_77,KNN,1.0,1.0,0.865703723818794
Stratified,stratified,,seed_77,Logistic Regression,0.8878943647656647,0.8871119436308811,0.8297663938434366
Stratified,stratified,,seed_77,Random Forest,0.9999999999999999,1.0,0.8633807303223283
Stratified,stratified,,seed_77,SVM,0.9333169009285789,0.9259836327344594,0.8512183464618024
Stratified,stratified,,seed_21,KNN,1.0,1.0,0.8998749519289249
Stratified,stratified,,seed_21,Logistic Regression,0.8835601777681744,0.896097979147946,0.8556670613453676
Stratified,stratified,,seed_21,Random Forest,0.9999999999999999,1.0,0.9010612247672403
Stratified,stratified,,seed_21,SVM,0.9287899799995357,0.9408785253589472,0.8864937236651921
Stratified,stratified,,seed_9001,KNN,1.0,1.0,0.9124260181320546
Stratified,stratified,,seed_9001,Logistic Regression,0.8864367311418272,0.8525419918730145,0.8801904664149908
Stratified,stratified,,seed_9001,Random Forest,1.0,0.9999999999999999,0.9184193306132893
Stratified,stratified,,seed_9001,SVM,0.9290573367655036,0.9199765826054719,0.9217054765102483
Cluster aware,cluster_aware_k500,500,seed_7,KNN,1.0,1.0,0.845473467027418
Cluster aware,cluster_aware_k500,500,seed_7,Logistic Regression,0.8967815825826336,0.7841453219970671,0.8355450328289078
Cluster aware,cluster_aware_k500,500,seed_7,Random Forest,1.0,1.0,0.8529375125207401
Cluster aware,cluster_aware_k500,500,seed_7,SVM,0.936291153126078,0.8620906014894828,0.8590768523298955
Cluster aware,cluster_aware_k500,500,seed_1,KNN,1.0,1.0,0.7926478367862181
Cluster aware,cluster_aware_k500,500,seed_1,Logistic Regression,0.8980757869224822,0.8763607958702974,0.7868709865105392
Cluster aware,cluster_aware_k500,500,seed_1,Random Forest,1.0,0.9999999999999999,0.7973198775332453
Cluster aware,cluster_aware_k500,500,seed_1,SVM,0.9355818689822066,0.8951651050960898,0.8220499000600912
Cluster aware,cluster_aware_k500,500,seed_5,KNN,1.0,1.0,0.8300684336128432
Cluster aware,cluster_aware_k500,500,seed_5,Logistic Regression,0.8911068644635005,0.9078023422767091,0.8120315795097299
Cluster aware,cluster_aware_k500,500,seed_5,Random Forest,1.0,1.0,0.8264492051248962
Cluster aware,cluster_aware_k500,500,seed_5,SVM,0.9331069470198248,0.9393013867484313,0.8213792579314159
Cluster aware,cluster_aware_k500,500,seed_10,KNN,1.0,1.0,0.8514200287867542
Cluster aware,cluster_aware_k500,500,seed_10,Logistic Regression,0.885121328663866,0.924473658341163,0.8179249786950032
Cluster aware,cluster_aware_k500,500,seed_10,Random Forest,0.9999999999999998,1.0,0.8599426475765737
Cluster aware,cluster_aware_k500,500,seed_10,SVM,0.9271802953236941,0.9524376821991601,0.8671724190825937
Cluster aware,cluster_aware_k500,500,seed_3,KNN,1.0,1.0,0.7967686748072722
Cluster aware,cluster_aware_k500,500,seed_3,Logistic Regression,0.8978148521024732,0.8727960379063014,0.7853803930725091
Cluster aware,cluster_aware_k500,500,seed_3,Random Forest,1.0,1.0,0.8148466923679623
Cluster aware,cluster_aware_k500,500,seed_3,SVM,0.9352745327461901,0.9217126179277105,0.8067323327057675
Cluster aware,cluster_aware_k500,500,seed_4,KNN,1.0,1.0,0.8285770109911127
Cluster aware,cluster_aware_k500,500,seed_4,Logistic Regression,0.8883993826753409,0.8745224726633721,0.8286227940111873
Cluster aware,cluster_aware_k500,500,seed_4,Random Forest,0.9999999999999999,0.9999999999999999,0.8531570819474468
Cluster aware,cluster_aware_k500,500,seed_4,SVM,0.9301318215458871,0.9131907255620911,0.8543660612570777
Cluster aware,cluster_aware_k500,500,seed_6,KNN,1.0,1.0,0.8443775058301853
Cluster aware,cluster_aware_k500,500,seed_6,Logistic Regression,0.893941013829035,0.8752892018713675,0.8207549356574946
Cluster aware,cluster_aware_k500,500,seed_6,Random Forest,0.9999999999999999,0.9999999999999999,0.8471748604764888
Cluster aware,cluster_aware_k500,500,seed_6,SVM,0.9341164323502198,0.9134711644816073,0.8458629089650519
Cluster aware,cluster_aware_k500,500,seed_9,KNN,1.0,1.0,0.828283226603787
Cluster aware,cluster_aware_k500,500,seed_9,Logistic Regression,0.8945415633074738,0.8602629441927453,0.8288360657511382
Cluster aware,cluster_aware_k500,500,seed_9,Random Forest,1.0,1.0,0.8494506148482496
Cluster aware,cluster_aware_k500,500,seed_9,SVM,0.9338996035149063,0.9311210779789101,0.8580601457371693
Cluster aware,cluster_aware_k500,500,seed_8,KNN,1.0,1.0,0.8771575420299224
Cluster aware,cluster_aware_k500,500,seed_8,Logistic Regression,0.8780932719104831,0.9049106536075687,0.8680058433404056
Cluster aware,cluster_aware_k500,500,seed_8,Random Forest,0.9999999999999999,1.0,0.8861332218903714
Cluster aware,cluster_aware_k500,500,seed_8,SVM,0.9246310151521387,0.9626221345241631,0.8898656184880867
Cluster aware,cluster_aware_k500,500,seed_2,KNN,1.0,1.0,0.7874101882497215
Cluster aware,cluster_aware_k500,500,seed_2,Logistic Regression,0.8978941251604831,0.8426257974824258,0.7971269316984951
Cluster aware,cluster_aware_k500,500,seed_2,Random Forest,1.0,0.9999999999999999,0.8032843649417112
Cluster aware,cluster_aware_k500,500,seed_2,SVM,0.9391112629002561,0.9190380043878553,0.8006663482153468
Cluster aware,cluster_aware_k300,300,seed_7,KNN,1.0,1.0,0.8111079815976576
Cluster aware,cluster_aware_k300,300,seed_7,Logistic Regression,0.892669432644047,0.889513165630015,0.8120412160116144
Cluster aware,cluster_aware_k300,300,seed_7,Random Forest,1.0,1.0,0.8223176311064119
Cluster aware,cluster_aware_k300,300,seed_7,SVM,0.9353633065865267,0.9388888984412254,0.8334847327137545
Cluster aware,cluster_aware_k300,300,seed_1,KNN,1.0,1.0,0.8341697854452408
Cluster aware,cluster_aware_k300,300,seed_1,Logistic Regression,0.8895836982102299,0.8900870096018942,0.8075696138880538
Cluster aware,cluster_aware_k300,300,seed_1,Random Forest,1.0,1.0,0.8413628798044546
Cluster aware,cluster_aware_k300,300,seed_1,SVM,0.92820195869141,0.9389743145747121,0.8374355556781081
Cluster aware,cluster_aware_k300,300,seed_5,KNN,1.0,1.0,0.852042542404526
Cluster aware,cluster_aware_k300,300,seed_5,Logistic Regression,0.8798679281198489,0.9220789111052603,0.8473540509205725
Cluster aware,cluster_aware_k300,300,seed_5,Random Forest,0.9999999999999999,1.0,0.8632221615717397
Cluster aware,cluster_aware_k300,300,seed_5,SVM,0.9244697572040527,0.9623100223106676,0.8581956557185495
Cluster aware,cluster_aware_k300,300,seed_10,KNN,1.0,1.0,0.7163678001021723
Cluster aware,cluster_aware_k300,300,seed_10,Logistic Regression,0.8991310349519364,0.9009937741412477,0.7243332087458321
Cluster aware,cluster_aware_k300,300,seed_10,Random Forest,1.0,1.0,0.7201985638759207
Cluster aware,cluster_aware_k300,300,seed_10,SVM,0.9337866918222949,0.9453770297158275,0.7277354546196072
Cluster aware,cluster_aware_k300,300,seed_3,KNN,1.0,1.0,0.8224176283249922
Cluster aware,cluster_aware_k300,300,seed_3,Logistic Regression,0.8962470800160618,0.8812969464288032,0.7861394731673754
Cluster aware,cluster_aware_k300,300,seed_3,Random Forest,1.0,1.0,0.8197247020137799
Cluster aware,cluster_aware_k300,300,seed_3,SVM,0.933752448017458,0.9156184645009273,0.8384020002497712
Cluster aware,cluster_aware_k300,300,seed_4,KNN,1.0,1.0,0.818466104451632
Cluster aware,cluster_aware_k300,300,seed_4,Logistic Regression,0.9029533624819421,0.823696367675656,0.7778542274728588
Cluster aware,cluster_aware_k300,300,seed_4,Random Forest,0.9999999999999999,1.0,0.8180252908021047
Cluster aware,cluster_aware_k300,300,seed_4,SVM,0.9324354342941223,0.9057936796903698,0.8322725713500921
Cluster aware,cluster_aware_k300,300,seed_6,KNN,1.0,1.0,0.7977896977080241
Cluster aware,cluster_aware_k300,300,seed_6,Logistic Regression,0.8999357625608078,0.8334418349255178,0.7868562609878267
Cluster aware,cluster_aware_k300,300,seed_6,Random Forest,1.0,1.0,0.8229487917724507
Cluster aware,cluster_aware_k300,300,seed_6,SVM,0.9368889545563521,0.8799176393148948,0.8375552896616867
Cluster aware,cluster_aware_k300,300,seed_9,KNN,1.0,1.0,0.8806728805417123
Cluster aware,cluster_aware_k300,300,seed_9,Logistic Regression,0.8815130659034801,0.9010207493541632,0.8518332629285914
Cluster aware,cluster_aware_k300,300,seed_9,Random Forest,1.0,1.0,0.881038588782445
Cluster aware,cluster_aware_k300,300,seed_9,SVM,0.9261305496233365,0.9303805090002537,0.8771006600790542
Cluster aware,cluster_aware_k300,300,seed_8,KNN,1.0,1.0,0.8687496431341754
Cluster aware,cluster_aware_k300,300,seed_8,Logistic Regression,0.8912572655526917,0.8298724744335751,0.8527134652180818
Cluster aware,cluster_aware_k300,300,seed_8,Random Forest,1.0,1.0,0.8683107300198001
Cluster aware,cluster_aware_k300,300,seed_8,SVM,0.9333700145159345,0.8955805212955806,0.8652774020811178
Cluster aware,cluster_aware_k300,300,seed_2,KNN,1.0,1.0,0.7366026415670763
Cluster aware,cluster_aware_k300,300,seed_2,Logistic Regression,0.9001577511621881,0.9116092994947884,0.7266481200375328
Cluster aware,cluster_aware_k300,300,seed_2,Random Forest,1.0,0.9999999999999999,0.7467283658831705
Cluster aware,cluster_aware_k300,300,seed_2,SVM,0.9379395190944961,0.9316451419617805,0.76365429064084
